index;seqName;clade;Nextclade_pango;partiallyAliased;clade_nextstrain;clade_who;clade_legacy;qc.overallScore;qc.overallStatus;totalSubstitutions;totalDeletions;totalInsertions;totalFrameShifts;totalMissing;totalNonACGTNs;totalAminoacidSubstitutions;totalAminoacidDeletions;totalAminoacidInsertions;alignmentScore;alignmentStart;alignmentEnd;coverage;isReverseComplement;substitutions;deletions;insertions;frameShifts;aaSubstitutions;aaDeletions;aaInsertions;privateNucMutations.reversionSubstitutions;privateNucMutations.labeledSubstitutions;privateNucMutations.unlabeledSubstitutions;privateNucMutations.totalReversionSubstitutions;privateNucMutations.totalLabeledSubstitutions;privateNucMutations.totalUnlabeledSubstitutions;privateNucMutations.totalPrivateSubstitutions;missing;nonACGTNs;qc.missingData.missingDataThreshold;qc.missingData.score;qc.missingData.status;qc.missingData.totalMissing;qc.mixedSites.mixedSitesThreshold;qc.mixedSites.score;qc.mixedSites.status;qc.mixedSites.totalMixedSites;qc.privateMutations.cutoff;qc.privateMutations.excess;qc.privateMutations.score;qc.privateMutations.status;qc.privateMutations.total;qc.snpClusters.clusteredSNPs;qc.snpClusters.score;qc.snpClusters.status;qc.snpClusters.totalSNPs;qc.frameShifts.frameShifts;qc.frameShifts.totalFrameShifts;qc.frameShifts.frameShiftsIgnored;qc.frameShifts.totalFrameShiftsIgnored;qc.frameShifts.score;qc.frameShifts.status;qc.stopCodons.stopCodons;qc.stopCodons.totalStopCodons;qc.stopCodons.score;qc.stopCodons.status;totalPcrPrimerChanges;pcrPrimerChanges;failedGenes;warnings;errors
0;Haiti_49130153;20A;B.1;B.1;20A;unassigned;20A;432.177901;bad;6;0;0;0;5913;0;3;0;0;89685;0;29903;0.8022606427448751;false;C3037T,A6601G,C14408T,C18877T,G25563T,C28511T;;;;N:P80S,ORF1b:P314L,ORF3a:Q57H;;;;;A6601G,C28511T;0;0;2;2;1-1842,1844,5785-5786,5793,5796-5797,5804,5829,6019,6025,6028-6046,6053-6054,6063-6069,6074-6075,6078-6080,6084,6086,6104,6110-6118,6126-6149,6156-6157,6161,6174,6221,6229,6277,6477,6495-6534,6540,6545,6547,6549,6556,6560-6561,6564,6569,6571-6572,6577,6579-6585,6594,6605,6630,6687,6701-6714,6732-6736,6741-6777,6782,6789,15899-16857,16859,17126-17964,17973,17979,17990,18004-18027,18041-18044,18052,18066-18139,18142-18144,18150,18158,18174,18183-18446,18456-18457,18460-18484,18490,18492-18668,22197-23579,29770-29868,29870;;3000;207.888889;bad;5913;10;0;good;0;24;-6;0;good;2;;0;good;0;;0;;0;0;good;;0;0;good;0;;;;
1;Haiti_49160013;20A;B.1;B.1;20A;unassigned;20A;550.336845;bad;8;0;0;0;6634;0;6;0;0;89677;0;29903;0.7781493495635889;false;C3037T,C5284T,G6865T,C14408T,G25563T,G28085T,G28452A,G29402T;;;;N:G60D,N:D377Y,ORF1b:P314L,ORF3a:Q57H,ORF8:E64D,ORF9b:A57T;;;;G29402T|21J&21I&21A&21B;C5284T,G6865T,G28085T,G28452A;0;1;4;5;1-1842,5364-5609,5612-5784,5786,5788,5797,5809,5817-5818,5828-5845,5850,5855,5860-6150,6169-6175,6178,6182-6197,6199-6202,6206,6211,6224,6227,6229,6234,6237-6251,6255-6270,6272,6277,6280,6284-6285,6288,6302-6420,6442-6493,6497-6623,6629-6636,6643,6733-6856,6864,6903,6917-7044,7046,7257,10453,10460,10462-10510,10512-10514,10520-10541,10555,10559,10570,10593-10595,10622,10650-10651,11173,11176,11694,11723,11732,11735,11738-11740,11749,11752,11754,11756,11758-11779,11782,11786,11788,11792,11798-11799,11801-11944,17126-17148,17154-17156,17161,17165,17168-18668,18672,20473,21450,21456,21461,21990,22048,22063-23575,29770-29870,29902-29903;;3000;234.592593;bad;6634;10;0;good;0;24;0;0;good;8;;0;good;0;;0;;0;0;good;;0;0;good;0;;;;
2;Haiti-47190075;20A;B.1;B.1;20A;unassigned;20A;135.248285;bad;6;0;0;0;3440;0;3;0;0;89685;0;29903;0.8849613751128649;false;C3037T,C14408T,A20268G,A23403G,G29027A,C29870A;;;;N:A252T,ORF1b:P314L,S:D614G;;;;;G29027A,C29870A;0;0;2;2;1-1842,5834-5836,6752-6776,17279-18668,25227-25307,29770-29868;;3000;116.296296;bad;3440;10;0;good;0;24;-6;0;good;2;;0;good;0;;0;;0;0;good;;0;0;good;0;;;;
3;Haiti-49130041;20A;B.1;B.1;20A;unassigned;20A;286.612359;bad;7;0;0;0;4871;0;4;0;0;89681;0;29903;0.8371066448182457;false;C3037T,G11417T,C14408T,C18877T,C25553T,G25563T,C29870A;;;;ORF1a:V3718F,ORF1b:P314L,ORF3a:A54V,ORF3a:Q57H;;;;;G11417T,C25553T,C29870A;0;0;3;3;1-40,76-1842,8407-8408,17126-18668,22197-23576,25268-25307,29770-29868;;3000;169.296296;bad;4871;10;0;good;0;24;-5;0;good;3;;0;good;0;;0;;0;0;good;;0;0;good;0;;;;
4;Haiti-49130082;20A;B.1;B.1;20A;unassigned;20A;310.151235;bad;9;0;0;0;5055;0;7;0;0;89673;0;29903;0.8309534160452129;false;C2416T,C3037T,C7713T,C14408T,C19263T,A23403G,G25563T,G25907A,A28305T;;;;N:N11I,ORF1a:P2483L,ORF1b:P314L,ORF3a:Q57H,ORF3a:G172D,ORF9b:M8L,S:D614G;;;;;C7713T,C19263T,G25907A,A28305T;0;0;4;4;1-1842,6924-6947,6950-6951,6953-6960,17126-18668,20461-21929,25243,25247-25307,29770-29870,29900-29903;;3000;176.111111;bad;5055;10;0;good;0;24;-4;0;good;4;;0;good;0;;0;;0;0;good;;0;0;good;1;USCDC_N1_F:A28305T;;;
5;Haiti-49130130;20A;B.1;B.1;20A;unassigned;20A;158.293676;bad;8;0;0;0;3697;0;5;0;0;89677;0;29903;0.8763669197070528;false;C3037T,C10519T,C14408T,C18877T,A23403G,C25553T,G25563T,A28081G;;;;ORF1b:P314L,ORF3a:A54V,ORF3a:Q57H,ORF8:D63G,S:D614G;;;;;C10519T,C25553T,A28081G;0;0;3;3;1-17,76-1842,6752-6762,17126-18292,18298-18668,22197-22323,22336-22355,22479-22484,22491-22524,22753-22757,25251-25268,25288-25307,29770-29903;;3000;125.814815;bad;3697;10;0;good;0;24;-5;0;good;3;;0;good;0;;0;;0;0;good;;0;0;good;0;;;;
6;Haiti-49160081;20A;B.1;B.1;20A;unassigned;20A;890.027778;bad;10;0;0;0;8355;0;7;0;0;89669;0;29903;0.7205965956592983;false;C2416T,C3037T,T4147C,C14408T,G25340A,C25546T,G25563T,G25907A,A28305T,T29637C;;;;N:N11I,ORF1b:P314L,ORF3a:L52F,ORF3a:Q57H,ORF3a:G172D,ORF9b:M8L,S:D1260N;;;;;T4147C,G25340A,C25546T,G25907A,A28305T,T29637C;0;0;6;6;1-1842,5995-6003,6682-6781,6795-6807,6811-6812,6903-6974,6998,7041,7443-7444,8363-8408,10431-11944,17126-18668,22197-25307,29770-29868;;3000;298.333333;bad;8355;10;0;good;0;24;-2;0;good;6;;0;good;0;;0;;0;0;good;;0;0;good;1;USCDC_N1_F:A28305T;;;
7;Haiti-49160082;20A;B.1;B.1;20A;unassigned;20A;125.191235;bad;4;0;0;0;3321;0;2;0;0;89693;0;29903;0.8889409089389024;false;C3037T,C6730T,C14408T,G25563T;;;;ORF1b:P314L,ORF3a:Q57H;;;;;C6730T;0;0;1;1;1-1842,22196-23575,29770-29868;;3000;111.888889;bad;3321;10;0;good;0;24;-7;0;good;1;;0;good;0;;0;;0;0;good;;0;0;good;0;;;;
8;Haiti_49200342;20A;B.1;B.1;20A;unassigned;20A;974.105024;bad;16;0;0;0;8690;0;10;0;0;89645;0;29903;0.709393706317092;false;C2416T,C3037T,G4207T,C4278T,G7675T,G7743T,C10078T,T12101C,C12880T,C14408T,G23282T,A23403G,G28077A,A28305T,C28826T,T29637C;;;;N:N11I,N:R185C,ORF1a:T1338I,ORF1a:S2493I,ORF1a:S3946P,ORF1b:P314L,ORF8:V62M,ORF9b:M8L,S:D574Y,S:D614G;;;;C12880T|21L&22B&22C&22A&22D&22E&22F;G4207T,C4278T,G7675T,G7743T,C10078T,T12101C,G23282T,G28077A,A28305T,C28826T,T29637C;0;1;11;12;1-1842,5339-6776,16295-18668,20461-22038,25402,25471-26815,29759,29762-29871,29903;;3000;310.740741;bad;8690;10;0;good;0;24;7;29.166667;good;15;;0;good;0;;0;;0;0;good;;0;0;good;2;Charité_N_R:C28826T,USCDC_N1_F:A28305T;;;
9;Haiti_49210051;20A;B.1;B.1;20A;unassigned;20A;11.185309;good;10;0;0;0;1203;0;7;0;0;89669;0;29903;0.9597699227502258;false;C241T,C2416T,C3037T,C14408T,A23403G,G25563T,G25907A,A28305T,G29140T,G29543T;;;;N:N11I,N:Q289H,ORF1b:P314L,ORF3a:Q57H,ORF3a:G172D,ORF9b:M8L,S:D614G;;;;G29543T|21D;G25907A,A28305T,G29140T;0;1;3;4;1-99,20461-20714,20718,20720,20724-21015,21017,21020-21035,21038,21040,21278-21281,21288,21290-21291,21295,21297,21300,21305,21329,21338-21339,21349-21616,21653,21895-21908,21911-22040,22043-22044,22048,22053,22056,22060-22061,22067,22074,29770-29870;;3000;33.444444;mediocre;1203;10;0;good;0;24;-1;0;good;7;;0;good;0;;0;;0;0;good;;0;0;good;1;USCDC_N1_F:A28305T;;;
10;Haiti_49210053;20A;B.1;B.1;20A;unassigned;20A;52.733388;mediocre;12;0;0;0;2242;1;9;0;0;89661;0;29903;0.9249908035983012;false;C241T,C2416T,C3037T,C14408T,G16975A,G17944T,A23403G,C25546T,G25563T,A28305T,G28378T,T29637C;;;;N:N11I,ORF1b:P314L,ORF1b:V1170I,ORF1b:V1493L,ORF3a:L52F,ORF3a:Q57H,ORF9b:M8L,ORF9b:R32L,S:D614G;;;;;G16975A,G17944T,C25546T,A28305T,G28378T,T29637C;0;0;6;6;1-100,15577-15611,15620,20442-20480,20779-20830,20833-20838,20840-20841,21008,21032-21040,21043,21207-21269,21272-21280,21291,21385,21387,21392,21398,21404,21410,21412-21414,21416,21418-21787,21789,21791,21794-21796,21798,21830,21836,21841,21851,21868,21870,21874,21877,21891,21904-22044,22048,22053-22055,22059,22064,22066,22072,22104,22109,25799-26815,28600-28781,28786-28787,28792,29117,29697-29868,29870,29903;W:29869;3000;71.925926;mediocre;2242;10;10;good;1;24;-2;0;good;6;;0;good;0;;0;;0;0;good;;0;0;good;1;USCDC_N1_F:A28305T;;;
11;Haiti_49210056;20A;B.1;B.1;20A;unassigned;20A;366.443759;bad;11;10;0;1;5050;0;9;4;0;89628;0;29903;0.8311206233488279;false;C2416T,C3037T,C14408T,G17944T,A23403G,C25546T,G25563T,G25907A,T28144C,A28305T,T29637C;18373-18382;;ORF1b:1640-2696;N:N11I,ORF1b:P314L,ORF1b:V1493L,ORF3a:L52F,ORF3a:Q57H,ORF3a:G172D,ORF8:L84S,ORF9b:M8L,S:D614G;ORF1b:S1636-,ORF1b:T1637-,ORF1b:G1638-,ORF1b:V1639-;;;T28144C|19B;G17944T,C25546T,G25907A,A28305T,T29637C;0;1;5;6;1-713,716,721,725-726,733,735-1842,5339-5344,5356,6700,6706-6784,6787-6791,20447-22190,22202,23714,23752,23772,23779-25019,29729,29733-29871,29901-29903;;3000;175.925926;bad;5050;10;0;good;0;24;2;8.333333;good;10;;0;good;0;ORF1b:1640-2696;1;;0;75;mediocre;;0;0;good;1;USCDC_N1_F:A28305T;;;
12;Haiti_49210093;20A;B.1;B.1;20A;unassigned;20A;7.390343;good;7;3;0;0;1034;0;3;1;0;89665;0;29903;0.9654215296124136;false;C241T,G872T,C3037T,C14408T,C18252T,A23403G,C28253T;21992-21994;;;ORF1a:D203Y,ORF1b:P314L,S:D614G;S:Y144-;;;C28253T|20H&21G;G872T,C18252T;0;1;2;3;1-108,110-112,17126-17132,17136-17146,17159-17160,17203,17240-17248,17256,17271,17277,17281-17282,17300-17302,17306,17318,17332,17340,17379,17385,18351,20461-20481,20538,20760,20763-20931,20944,20951,20954,20998,21021-21029,21031,21039-21089,21095-21096,21107-21113,21115-21116,21121,21124-21125,21129,21134,21136,21140-21144,21146,21161-21166,21171-21173,21179-21189,21196-21197,21206,21210,21241-21686,21692,21698,21700-21702,21709-21711,21713-21714,21724,21726-21728,21730,21732,21736,21742,21757-21761,21766,21769,21774-21775,29770-29870;;3000;27.185185;good;1034;10;0;good;0;24;-1;0;good;7;;0;good;0;;0;;0;0;good;;0;0;good;0;;;;
13;Haiti_49210141;20A;B.1;B.1;20A;unassigned;20A;0;good;12;0;0;0;157;0;9;0;0;89661;0;29903;0.9947496906664884;false;C241T,C843T,C3037T,C10202T,G11417T,C14408T,G17590T,C18877T,A23403G,C23591A,C25553T,G25563T;;;;ORF1a:P193L,ORF1a:L3313F,ORF1a:V3718F,ORF1b:P314L,ORF1b:V1375L,ORF3a:A54V,ORF3a:Q57H,S:D614G,S:Q677K;;;;;C843T,C10202T,G11417T,G17590T,C23591A,C25553T;0;0;6;6;1-5,76-99,20461-20482,20484-20486,20489,21345,21350,21473,29770-29868;;3000;0;good;157;10;0;good;0;24;-2;0;good;6;;0;good;0;;0;;0;0;good;;0;0;good;0;;;;
14;Haiti_49210148;20A;B.1;B.1;20A;unassigned;20A;30.046639;mediocre;13;0;0;0;1780;0;9;0;0;89657;0;29903;0.9404741999130524;false;C241T,C2416T,C3037T,C5730T,C5806T,C14408T,G17944T,A23403G,C25546T,G25563T,G25907A,A28305T,T29637C;;;;N:N11I,ORF1a:T1822I,ORF1b:P314L,ORF1b:V1493L,ORF3a:L52F,ORF3a:Q57H,ORF3a:G172D,ORF9b:M8L,S:D614G;;;;;C5730T,C5806T,G17944T,C25546T,G25907A,A28305T,T29637C;0;0;7;7;1-99,20461-22038,29770-29870,29902-29903;;3000;54.814815;mediocre;1780;10;0;good;0;24;-1;0;good;7;;0;good;0;;0;;0;0;good;;0;0;good;1;USCDC_N1_F:A28305T;;;
15;Haiti_49210153;20A;B.1;B.1;20A;unassigned;20A;598.184736;bad;13;0;0;0;6781;1;6;0;0;89657;0;29903;0.7732000133765843;false;C3037T,G4720T,C4777T,T11773C,C14408T,G17590T,C18877T,G20373A,G23012A,A23063T,A23403G,G29260A,A29412T;;;;N:Q380L,ORF1b:P314L,ORF1b:V1375L,S:E484K,S:N501Y,S:D614G;;;;C18877T|20A&21H,G23012A|20J&20H&21F&21H&21D&21E,A23063T|21K&21L&22B&20I&22C&22A&20J&20H&22D&21H&22E&21M&22F&21E;G4720T,C4777T,T11773C,G17590T,G20373A,G29260A,A29412T;0;3;7;10;1-648,650-652,655-663,665,668,671-672,680,682,688-689,691,694,702,710-809,816,818,821-822,827,838,840-869,871,875,878,886,889,891,896,898,906-1842,5290,5309-5654,5658,5661,5663,5668-5672,5675-5676,5678,5680-5682,5684,5688-5689,5692-5694,5703,5710,5776,5785-5800,5802,5806-6777,12586,12592,12599-12601,12603,12619,12627,12630,12640,12642,12645-12646,12650,12655-12656,12658,12661-13605,16909-16911,20361,20378,20399-20410,20803-22210,22215,22220,22233,22235,22238-22272,22277,22280,22287,22291,22303-22663,22695,22805,22832-22834,22839,22842,22846,23133,23148-23158,23161,23181,23337,23379,23406,23572,23789,23793,23796,23802,23815,23818,23820,23822,23825,23828-23830,23832-23845,23851-23853,23855,23859,23864,23869-23902,23904,23910,23918,23920,23922-23983,23989,23993-23994,23996-24040,24043-24045,24053-24057,24059,24064-24066,24070,24122,24135,24142,24217,24248-24275,24278-24284,24286-24290,24299-24337,24345,24351,24356,24361-24362,24364-24382,24385,24398,24403,24409,24417,24419-24420,24449,24468,24513,24520,24571,24658,24673-24674,24677,24679-24700,24715-24716,24718-24721,24723-24725,24728-24763,24765-24770,24869,24881,24884,24886,24889-24902,24910,24912-24913,24922-25043,25051,25053-25087,25091,25095,25105,25107,25121-25122,25125-25150,25152,25154,25157,25159,25162-25307,25310,25329,29770-29868,29870,29903;K:22813;3000;240.037037;bad;6781;10;10;good;1;24;11;45.833333;mediocre;19;;0;good;0;;0;;0;0;good;;0;0;good;0;;;;
16;Haiti_49210160;20A;B.1;B.1;20A;unassigned;20A;0;good;12;0;0;0;263;0;9;0;0;89661;0;29903;0.9912048958298498;false;C241T,C2416T,C3037T,C5730T,C14408T,G17944T,A23403G,C25546T,G25563T,G25907A,A28305T,T29637C;;;;N:N11I,ORF1a:T1822I,ORF1b:P314L,ORF1b:V1493L,ORF3a:L52F,ORF3a:Q57H,ORF3a:G172D,ORF9b:M8L,S:D614G;;;;;C5730T,G17944T,C25546T,G25907A,A28305T,T29637C;0;0;6;6;1-124,20461-20493,20498,20538,20540,29770-29870,29902-29903;;3000;0;good;263;10;0;good;0;24;-2;0;good;6;;0;good;0;;0;;0;0;good;;0;0;good;1;USCDC_N1_F:A28305T;;;
17;Haiti_49210166;20A;B.1;B.1;20A;unassigned;20A;1;good;12;0;0;0;161;1;8;0;0;89661;0;29903;0.9945824833628732;false;C241T,C527T,C2416T,C3037T,C14408T,G17944T,A23403G,C25546T,G25563T,G25907A,A28305T,T29637C;;;;N:N11I,ORF1b:P314L,ORF1b:V1493L,ORF3a:L52F,ORF3a:Q57H,ORF3a:G172D,ORF9b:M8L,S:D614G;;;;;C527T,G17944T,C25546T,G25907A,A28305T,T29637C;0;0;6;6;1-17,31,35,57,59-100,29770-29868;M:29870;3000;0;good;161;10;10;good;1;24;-2;0;good;6;;0;good;0;;0;;0;0;good;;0;0;good;1;USCDC_N1_F:A28305T;;;
18;Haiti_49210168;20A;B.1.143;B.1.143;20A;unassigned;20A;53.344088;mediocre;8;0;0;0;2272;0;4;0;0;89677;0;29903;0.924021001237334;false;C527T,C2416T,C3037T,C4084T,C14408T,A23403G,A28305T,T29637C;;;;N:N11I,ORF1b:P314L,ORF9b:M8L,S:D614G;;;;;C527T,C2416T,A28305T,T29637C;0;0;4;4;1-242,244-246,253,256-257,259-273,278-318,363,516,1578-1591,1593,1595,1605-1606,1644,1646,1648,1656-1670,1673,1677-1678,1680,1682,1685,1690-1691,1694,1711,1715,1724,1744,1749-1757,1761-1775,1779-1780,1812,1814,1816,1821-1828,1833,17427,17429-18668,20461-20560,20562,20580,20582-20586,20591,20593-20706,20715,20720,20723,20743,20772,20822,20848,20850-20852,20856,20858-20859,20986,21300,21367,21369,21371,21384-21424,21426,21432,21434-21450,21457,21460,21472-21497,21519-21523,21525-21526,21821-21822,21827,21838-21858,21861-22038,29770-29870;;3000;73.037037;mediocre;2272;10;0;good;0;24;-4;0;good;4;;0;good;0;;0;;0;0;good;;0;0;good;1;USCDC_N1_F:A28305T;;;
19;Haiti_49210173;20A;B.1;B.1;20A;unassigned;20A;1.301289;good;14;0;0;0;608;0;11;0;0;89653;0;29903;0.9796675918804132;false;C241T,G2155T,C2416T,C3037T,T6756C,C14408T,G15380T,G17944T,A23403G,C25546T,G25563T,G25907A,A28305T,T29637C;;;;N:N11I,ORF1a:W630C,ORF1a:V2164A,ORF1b:P314L,ORF1b:S638I,ORF1b:V1493L,ORF3a:L52F,ORF3a:Q57H,ORF3a:G172D,ORF9b:M8L,S:D614G;;;;;G2155T,T6756C,G15380T,G17944T,C25546T,G25907A,A28305T,T29637C;0;0;8;8;78-158,160-161,163-166,357,21071,21085,21367,21369,21374,21381,21385-21393,21397-21418,21428,21432-21453,21458-21558,21562,21567-21571,21574,21613-21614,21703,21705,21713,21715,21720,21722-21765,21768,21773-21786,21797,21803,21813,21818-21842,21847,21854-21855,21860-21861,21864,21868,21870-21884,21886-21887,21891-21892,21905,21910-21911,21913,21916-21928,21931-21933,21936-22038,29770-29873,29882,29896,29901-29903;;3000;11.407407;good;608;10;0;good;0;24;0;0;good;8;;0;good;0;;0;;0;0;good;;0;0;good;1;USCDC_N1_F:A28305T;;;
20;Haiti_49210178;20A;B.1;B.1;20A;unassigned;20A;86.429660;mediocre;14;10;0;1;1779;0;8;4;0;89616;0;29903;0.9405076413737752;false;C241T,T580C,C2416T,C3037T,G6362A,C14408T,G17944T,A23403G,A23911G,C25546T,G25563T,G25907A,A28305T,T29637C;17206-17215;;ORF1b:1251-2696;N:N11I,ORF1a:A2033T,ORF1b:P314L,ORF3a:L52F,ORF3a:Q57H,ORF3a:G172D,ORF9b:M8L,S:D614G;ORF1b:Y1247-,ORF1b:L1248-,ORF1b:P1249-,ORF1b:I1250-;;;;T580C,G6362A,G17944T,A23911G,C25546T,G25907A,A28305T,T29637C;0;0;8;8;1-99,20461-22038,29770-29870,29903;;3000;54.777778;mediocre;1779;10;0;good;0;24;1;4.166667;good;9;;0;good;0;ORF1b:1251-2696;1;;0;75;mediocre;;0;0;good;1;USCDC_N1_F:A28305T;;;
21;Haiti_49210189;20A;B.1;B.1;20A;unassigned;20A;30.290754;mediocre;12;0;0;0;1786;0;9;0;0;89661;0;29903;0.940273551148714;false;C241T,C2416T,C3037T,C14408T,G17944T,A23403G,C25480T,C25546T,G25563T,G25907A,A28305T,T29637C;;;;N:N11I,ORF1b:P314L,ORF1b:V1493L,ORF3a:R30C,ORF3a:L52F,ORF3a:Q57H,ORF3a:G172D,ORF9b:M8L,S:D614G;;;;;G17944T,C25480T,C25546T,G25907A,A28305T,T29637C;0;0;6;6;1-99,20617-20638,20641-20655,21512,21523,21562,21570,21626,21632,21640,22029-22038,23788-25307,29770-29870,29892-29903;;3000;55.037037;mediocre;1786;10;0;good;0;24;-2;0;good;6;;0;good;0;;0;;0;0;good;;0;0;good;1;USCDC_N1_F:A28305T;;;
22;Haiti_49210192;20C;B.1;B.1;20C;unassigned;20C;9.156228;good;12;0;0;0;1117;0;9;0;0;89661;0;29903;0.962645888372404;false;C241T,C1059T,C3037T,C4551T,C6606T,C7195T,C14408T,G15243T,A23403G,G25563T,G25726T,G27516T;;;;ORF1a:T265I,ORF1a:T1429I,ORF1a:S2114F,ORF1b:P314L,ORF1b:M592I,ORF3a:Q57H,ORF3a:V112F,ORF7a:E41D,S:D614G;;;;;C4551T,C6606T,C7195T,G15243T,G25726T,G27516T;0;0;6;6;1-99,6514,6579-6593,6598,6619,6652-6777,20461-20486,20779-20824,20833,20838-20842,20941,20951-21129,21131-21175,21179-21180,21183,21189-21192,21196-21223,21227,21281-21594,21596,21604,21611,21652,21659,21661-21770,21773-21778,29770-29868,29870;;3000;30.259259;mediocre;1117;10;0;good;0;24;-2;0;good;6;;0;good;0;;0;;0;0;good;;0;0;good;0;;;;
23;Haiti_49210195;20A;B.1;B.1;20A;unassigned;20A;0;good;12;0;0;0;125;0;8;0;0;89661;0;29903;0.9958198174096244;false;C241T,C843T,C3037T,C12488T,C14408T,G17590T,C18877T,A22840G,A23403G,C25553T,G25563T,T27523A;;;;ORF1a:P193L,ORF1a:P4075S,ORF1b:P314L,ORF1b:V1375L,ORF3a:A54V,ORF3a:Q57H,ORF7a:S44T,S:D614G;;;;;C843T,C12488T,G17590T,A22840G,C25553T,T27523A;0;0;6;6;1,78-99,29770-29871;;3000;0;good;125;10;0;good;0;24;-2;0;good;6;;0;good;0;;0;;0;0;good;;0;0;good;0;;;;
24;Haiti_49210196;20A;B.1;B.1;20A;unassigned;20A;15.267833;good;10;0;0;0;1355;0;5;0;0;89669;0;29903;0.9546868207203292;false;C241T,C3037T,G11083T,C14408T,G17590T,C18877T,A23403G,G25563T,A25974G,C29218T;;;;ORF1a:L3606F,ORF1b:P314L,ORF1b:V1375L,ORF3a:Q57H,S:D614G;;;;G11083T|21J&19A;G17590T,A25974G,C29218T;0;1;3;4;1-113,17527,17603,17622,17912,18350-18351,18355,18402,18435,18438,18440,18443,18506,18513,18524-18527,18532-18533,18556,18560,18564,18585-18586,18589,18591,18593-18668,20461-20499,20535,20718,20723,20733-20921,20924,20928,20935-21739,21742,21744,29770-29868;;3000;39.074074;mediocre;1355;10;0;good;0;24;-1;0;good;7;;0;good;0;;0;;0;0;good;;0;0;good;1;USCDC_N2_R:C29218T;;;
25;Haiti_49210201;20A;B.1;B.1;20A;unassigned;20A;84.844568;mediocre;11;0;0;0;2787;0;7;0;0;89665;0;29903;0.9067986489649869;false;C241T,C3037T,C8043T,A12561T,C14408T,G16647T,G17590T,C18877T,A23403G,G25429A,G25563T;;;;ORF1a:A2593V,ORF1a:Q4099L,ORF1b:P314L,ORF1b:V1375L,ORF3a:V13I,ORF3a:Q57H,S:D614G;;;;G16647T|20F;C8043T,A12561T,G17590T,G25429A;0;1;4;5;1-108,5339-5360,5362,5368-5377,5382,5385,5387,5390-5391,5393,5395-5627,5638,5646,5649,5652,5654,5667,5669,5684,5709-5749,5760,5762,5776,5780,5797,5845,5872,5898-5899,5902-5905,5908,5911-5964,5966-6043,6046-6084,6090,6093,6095,6097-6098,6107,6110,6115-6116,6124,6302,6308,6315-6316,6319-6438,6440-6469,6477-6545,6549,6554-6765,18150,18513,18524,18540,18544,18548-18555,18561,18567,18569,18573,18577,18584-18586,18588-18589,18591-18607,18613,18619,18628,18631,18653,18665,20461-22038,29770-29870,29902-29903;;3000;92.111111;mediocre;2787;10;0;good;0;24;0;0;good;8;;0;good;0;;0;;0;0;good;;0;0;good;0;;;;
26;Haiti_49210206;20A;B.1;B.1;20A;unassigned;20A;0;good;8;0;0;0;132;0;4;0;0;89677;0;29903;0.9955857271845634;false;C241T,C3037T,A4548G,C14408T,C18252T,A18806G,A23403G,C29870A;;;;ORF1a:K1428R,ORF1b:P314L,ORF1b:N1780S,S:D614G;;;;;A4548G,C18252T,A18806G,C29870A;0;0;4;4;1-8,76-99,20473,29770-29868;;3000;0;good;132;10;0;good;0;24;-4;0;good;4;;0;good;0;;0;;0;0;good;;0;0;good;0;;;;
27;Haiti_49210215;20A;B.1;B.1;20A;unassigned;20A;1.562500;good;14;0;0;0;229;0;10;0;0;89653;0;29903;0.992341905494432;false;C241T,C2416T,C3037T,C14408T,G17944T,G21724T,A23403G,C25546T,G25563T,G25907A,C27046T,A28305T,C29509T,T29637C;;;;M:T175M,N:N11I,ORF1b:P314L,ORF1b:V1493L,ORF3a:L52F,ORF3a:Q57H,ORF3a:G172D,ORF9b:M8L,S:L54F,S:D614G;;;;C29509T|21J;G17944T,G21724T,C25546T,G25907A,C27046T,A28305T,T29637C;0;1;7;8;1-99,20461-20480,21926,21980-21981,22012,22031,22038,22043,22046-22048,22805,29770-29868;;3000;0;good;229;10;0;good;0;24;3;12.500000;good;11;;0;good;0;;0;;0;0;good;;0;0;good;1;USCDC_N1_F:A28305T;;;
28;Haiti_49210225;20C;B.1;B.1;20C;unassigned;20C;0;good;11;0;0;0;169;0;8;0;0;89665;0;29903;0.9943483931378124;false;C241T,C1059T,C3037T,C8499T,C14408T,C17678T,A23403G,G25563T,C27577T,C29025T,G29734C;;;;N:A251V,ORF1a:T265I,ORF1a:A2745V,ORF1b:P314L,ORF1b:T1404M,ORF3a:Q57H,ORF7a:Q62*,S:D614G;;;;;C8499T,C17678T,C27577T,C29025T,G29734C;0;0;5;5;1-40,42,63,74,76-99,29770-29870,29903;;3000;0;good;169;10;0;good;0;24;-3;0;good;5;;0;good;0;;0;;0;0;good;;0;0;good;0;;;;
29;Haiti_49210236;20A;B.1;B.1;20A;unassigned;20A;20.350123;good;11;0;0;0;1518;0;8;0;0;89665;0;29903;0.9492358626224794;false;C241T,C2416T,C3037T,C14408T,G17944T,A23403G,C25546T,G25563T,G25907A,A28305T,T29637C;;;;N:N11I,ORF1b:P314L,ORF1b:V1493L,ORF3a:L52F,ORF3a:Q57H,ORF3a:G172D,ORF9b:M8L,S:D614G;;;;;G17944T,C25546T,G25907A,A28305T,T29637C;0;0;5;5;1-3,5,9,11,49,60-101,5813-5838,5840-5841,5845,5870,5892-5893,5898,5904-5906,5915,5928,5940,5952,5957-5959,5976,5998,6000,6004,6065,6068,6095,6100,6315,6514,6619,6621-6662,6668-6669,6674-6777,20450,20452-20564,20566,20568,20571,20574-20575,20580-20581,20583,20585,20589-20624,20632-20690,20700-20800,20805-20893,20897,20929,20931,20935-20936,20938-21688,29770-29866,29898-29903;;3000;45.111111;mediocre;1518;10;0;good;0;24;-3;0;good;5;;0;good;0;;0;;0;0;good;;0;0;good;1;USCDC_N1_F:A28305T;;;
30;Haiti_49210240;20C;B.1;B.1;20C;unassigned;20C;0;good;11;0;0;0;128;0;8;0;0;89665;0;29903;0.9957194930274554;false;C241T,C1059T,C3037T,A4353G,T7396C,G8258A,C14408T,A23403G,C24378T,G25563T,C28830T;;;;N:S186F,ORF1a:T265I,ORF1a:E1363G,ORF1a:V2665I,ORF1b:P314L,ORF3a:Q57H,S:D614G,S:S939F;;;;;A4353G,T7396C,G8258A,C24378T,C28830T;0;0;5;5;1-2,78-100,29770-29870,29872,29903;;3000;0;good;128;10;0;good;0;24;-3;0;good;5;;0;good;0;;0;;0;0;good;;0;0;good;1;Charité_N_R:C28830T;;;
31;Haiti_49210241;20C;B.1;B.1;20C;unassigned;20C;35.336420;mediocre;10;0;0;0;1905;0;6;0;0;89669;0;29903;0.9362940173226768;false;C241T,C1059T,C3037T,C4059T,C4524T,A10957G,C14408T,A23403G,G25563T,C28789T;;;;ORF1a:T265I,ORF1a:P1265L,ORF1a:A1420V,ORF1b:P314L,ORF3a:Q57H,S:D614G;;;;;C4059T,C4524T,A10957G,C28789T;0;0;4;4;1-100,17067-17158,17161,17175,17177,17206,17223,17227-17231,17234-17235,17241-17243,17245-17246,17249-17250,17253,17258-17274,17276-17282,17329,17335,17338,17346,17504,17834,17841-17842,17848,17855,17867-17869,17872,17875,17877,17879-17881,17883-17903,17907-17976,17978,17980,17989,17991,17995,17999-18017,18019-18021,18023,18025,18041-18044,18130,18137,18150,18154,18200-18202,18205,18211-18251,18254-18255,18258,18260-18268,18544,18547,18569,18577,18583-18624,18626-18627,18634,20463,20465,20467-20475,20481,20767-22058,22060,22071,22094,22102,22105,22108,22118,22122,29770-29870,29901-29903;;3000;59.444444;mediocre;1905;10;0;good;0;24;-4;0;good;4;;0;good;0;;0;;0;0;good;;0;0;good;0;;;;
32;Haiti_49210248;20A;B.1;B.1;20A;unassigned;20A;0;good;13;0;0;0;127;0;9;0;0;89657;0;29903;0.9957529344881784;false;C241T,C843T,C3037T,C10202T,G11417T,C14408T,C14790T,G17590T,C18877T,A23403G,C23591A,C25553T,G25563T;;;;ORF1a:P193L,ORF1a:L3313F,ORF1a:V3718F,ORF1b:P314L,ORF1b:V1375L,ORF3a:A54V,ORF3a:Q57H,S:D614G,S:Q677K;;;;;C843T,C10202T,G11417T,C14790T,G17590T,C23591A,C25553T;0;0;7;7;1,76-99,29770-29870,29903;;3000;0;good;127;10;0;good;0;24;-1;0;good;7;;0;good;0;;0;;0;0;good;;0;0;good;0;;;;
33;Haiti_49210272;20A;B.1;B.1;20A;unassigned;20A;0;good;12;0;0;0;131;0;8;0;0;89661;0;29903;0.9956191686452864;false;C241T,C843T,C3037T,C10340T,C14408T,G17590T,C18877T,G19525T,A23403G,C25553T,G25563T,G26211C;;;;ORF1a:P193L,ORF1a:P3359S,ORF1b:P314L,ORF1b:V1375L,ORF1b:D2020Y,ORF3a:A54V,ORF3a:Q57H,S:D614G;;;;;C843T,C10340T,G17590T,G19525T,C25553T,G26211C;0;0;6;6;1-2,4-6,76-99,29770-29870,29903;;3000;0;good;131;10;0;good;0;24;-2;0;good;6;;0;good;0;;0;;0;0;good;;0;0;good;0;;;;
34;Haiti_49210293;20A;B.1;B.1;20A;unassigned;20A;59.632716;mediocre;8;0;0;0;2385;0;5;0;0;89677;0;29903;0.9202421161756346;false;C241T,C843T,C3037T,C14408T,C18877T,A23403G,C25553T,G25563T;;;;ORF1a:P193L,ORF1b:P314L,ORF3a:A54V,ORF3a:Q57H,S:D614G;;;;;C843T,C25553T;0;0;2;2;1-113,17196-18669,20461-20465,20468,20470,20473,20477-20478,20775-20776,20779-20830,21033,21066-21068,21070-21074,21078-21083,21085-21086,21268-21269,21272-21282,21300,21329,21338-21340,21367-21368,21372,21374-21375,21386-21387,21392,21449-21461,21465-21478,21482-22039,29770-29871,29900-29903;;3000;77.222222;mediocre;2385;10;0;good;0;24;-6;0;good;2;;0;good;0;;0;;0;0;good;;0;0;good;0;;;;
35;Haiti_49250601;20C;B.1;B.1;20C;unassigned;20C;0;good;8;0;0;0;126;0;5;0;0;89677;0;29903;0.9957863759489014;false;C241T,C1059T,C3037T,A4353G,C14408T,T22873C,A23403G,G25563T;;;;ORF1a:T265I,ORF1a:E1363G,ORF1b:P314L,ORF3a:Q57H,S:D614G;;;;;A4353G,T22873C;0;0;2;2;1-3,78-99,29770-29868,29870,29903;;3000;0;good;126;10;0;good;0;24;-6;0;good;2;;0;good;0;;0;;0;0;good;;0;0;good;0;;;;
36;Haiti_47180229;20A;B.1;B.1;20A;unassigned;20A;0.235405;good;7;0;0;0;431;0;2;0;0;89681;0;29903;0.9855867304283852;false;C241T,C3037T,T10561C,C14408T,C15324T,C16887T,A23403G;;;;ORF1b:P314L,S:D614G;;;;;T10561C,C16887T;0;0;2;2;1-4,78-163,166-167,171-172,174,245,260-261,264,266,268-269,271-273,275,278-381,383-400,1150-1167,1171,1177-1178,1181,1194-1195,1197-1200,1208,1213-1241,1251,1271,17356-17375,17379,17385,17912,20461-20463,20465-20476,20479,29770-29870,29901-29903;;3000;4.851852;good;431;10;0;good;0;24;-6;0;good;2;;0;good;0;;0;;0;0;good;;0;0;good;0;;;;
37;Haiti_47210002;19B;A.3;A.3;19B;unassigned;19B;67.829753;mediocre;11;0;0;0;2067;0;6;0;0;89665;0;29903;0.93087650068555;false;T490A,C3177T,C8782T,T13180C,C16084T,T18736C,C24034T,T26729C,G28077C,T28144C,A29700G;;;;ORF1a:D75E,ORF1a:P971L,ORF1b:H873Y,ORF1b:F1757L,ORF8:V62L,ORF8:L84S;;;T6040C,A12478G,G28896C;;T13180C,C16084T;3;0;2;5;1-101,17206-18669,20461-20513,20515,20521,20523,20525,20528-20551,20553,20567,20574,20576,20579-20617,20620-20624,20628,20638-20686,20688,20699-20700,20703-20732,20734-20735,20742-20859,20864,20884,20886,20888-20897,20899,20986,21241,21248,21294,21299-21300,21309,21313,21317-21318,21320-21321,21324,21331,21333,21343-21345,21354,21360-21361,21364,21367,21373-21374,21376-21377,21379,21383,21392,21413,21457,21579,21587,21626-21627,21630,21632,21636-21640,21645,21647-21654,21656,21660,21664,29770-29868,29870-29871;;3000;65.444444;mediocre;2067;10;0;good;0;24;12;50;mediocre;20;;0;good;0;;0;;0;0;good;;0;0;good;0;;;;
38;Haiti_49130151;20A;B.1;B.1;20A;unassigned;20A;56.974540;mediocre;6;0;0;0;2338;0;5;0;0;89685;0;29903;0.9218138648296158;false;C3037T,G7798T,C14408T,C16985T,G21253A,A23403G;;;;ORF1a:K2511N,ORF1b:P314L,ORF1b:T1173I,ORF1b:A2596T,S:D614G;;;;;G7798T,C16985T,G21253A;0;0;3;3;1-17,31,76-1283,1285-1286,18211,18223-18224,18227,18232-18234,18236,18241-18244,18247-18274,18285,18304,18306,18326,18328,18335-18369,18375,18377,18414,18446,18475,18512-18513,18520,18522,18524,18529,18531,18534-18668,20473,21258-22038,29770-29868,29870,29903;;3000;75.481481;mediocre;2338;10;0;good;0;24;-5;0;good;3;;0;good;0;;0;;0;0;good;;0;0;good;0;;;;
39;Haiti_49150057;20A;B.1;B.1;20A;unassigned;20A;70.684499;mediocre;6;0;0;0;2570;0;4;0;0;89685;0;29903;0.9140554459418788;false;C3037T,A4353G,C14408T,C18555T,A23403G,G25563T;;;;ORF1a:E1363G,ORF1b:P314L,ORF3a:Q57H,S:D614G;;;;C18555T|20F;A4353G;0;1;1;2;1-962,973,976,983-1311,1313,18599-18669,20461-20499,20501,20504,20507,20510,20515,20518,20520,20522,20529,20535-20544,20547,20549,20968,20984,20992-21022,21024-21025,21028,21030-21082,21085-21088,21095,21111-21113,21116,21124-21126,21131,21134-22040,22043,25203,29770-29903;;3000;84.074074;mediocre;2570;10;0;good;0;24;-3;0;good;5;;0;good;0;;0;;0;0;good;;0;0;good;0;;;;
40;Haiti_49150058;20A;B.1;B.1;20A;unassigned;20A;300.572853;bad;5;0;0;0;4981;0;4;0;0;89689;0;29903;0.8334280841387152;false;C3037T,A12878G,C14408T,G16207T,A23403G;;;;ORF1a:I4205V,ORF1b:P314L,ORF1b:A914S,S:D614G;;;;A12878G|21C;G16207T;0;1;1;2;1-43,45,47,49,51,53,61,63,65,72,74-75,78-1839,17126-17314,17318-17319,17326-17385,17387-17391,17399,17402,17404,17408-17409,17411,17423-17433,17438-17443,17447,17453-17518,17536-17537,17540,17543,17554,17574,17603,17605,17614,17617-17649,17654,17702,17713,17750-17752,17756,17830,17834,17867-17871,17873-17882,17886,17896-17897,17910,17912,17914-17954,17994,18005,18033,18051,18059,18061-18070,18075,18080,18082,18087-18094,18097,18102-18280,18283-18307,18309,18312-18347,18361,18381,18385-18386,18399-18669,20461-22038,23890-23902,23904-23905,23913,23918-23927,23929,23931-23945,23952,23964,23969,23971,23989,23998-24004,24006,24009,24013,24015-24025,24227,24230,24232,24248-24250,24255,24262,24266,24477,24740-24742,24744-24747,24749-24758,24761,24763,24772-24804,24808-24809,24811,24814-24815,24832,24835,24838,24845,24855,24869,24923,24945,24947,24950-25126,25148,25150-25157,25159,25171,25175,25178,25185,25188,25193-25308,29770-29903;;3000;173.370370;bad;4981;10;0;good;0;24;-3;0;good;5;;0;good;0;;0;;0;0;good;;0;0;good;0;;;;
41;Haiti_49150059;20A;B.1;B.1;20A;unassigned;20A;675.807421;bad;7;0;0;0;7319;0;5;0;0;89681;0;29903;0.755241948968331;false;G8C,C3037T,A12878G,C14408T,G16207T,A23403G,G28899T;;;;N:R209I,ORF1a:I4205V,ORF1b:P314L,ORF1b:A914S,S:D614G;;;;A12878G|21C;G8C,G16207T,G28899T;0;1;3;4;1-7,31,76-1842,5333-6765,17126-18668,20460-22038,23801,23924,23926-23938,23943,23949-23953,23957,23962-23963,23965,23968-24073,24075,24079-24098,24248,24266,24322,24327,24334,24336-24532,24539,24554,24561-24564,24633,24636-24640,24663,24674,24677,24679-24774,24787,24837,24854,24902,24907-25308,29754-29870,29903;;3000;259.962963;bad;7319;10;0;good;0;24;-1;0;good;7;;0;good;0;;0;;0;0;good;;0;0;good;1;ChinaCDC_N_F:G28899T;;;
42;Haiti_49150074;20A;B.1;B.1;20A;unassigned;20A;13.040123;good;7;0;0;0;1275;0;3;0;0;89681;0;29903;0.9573621375781696;false;C241T,G872T,C3037T,C14408T,C16675T,C18252T,A23403G;;;;ORF1a:D203Y,ORF1b:P314L,S:D614G;;;;;G872T,C16675T,C18252T;0;0;3;3;1-116,5533-5546,5548-5553,5557,5559-5560,5567,5570,6030,6338,6619,6662,6680,6685,6700,6702,6736,6745,6748,6757,6761,6763-6776,20465,20473,20812,20821-20880,20885-20886,20889-20907,20916,20918,20964-21150,21152-21176,21179,21254,21300,21303,21309,21314,21331,21333-21354,21356-21467,21469-21495,21509,21511-21545,21547,21550,21553-21554,21556-21558,21560,21563,21566-21567,21571-22038,22048,22050,22053,22058-22074,22087,22148,22151,22156,22423,29770-29870;;3000;36.111111;mediocre;1275;10;0;good;0;24;-5;0;good;3;;0;good;0;;0;;0;0;good;;0;0;good;0;;;;
43;Haiti_49160031;20C;B.1;B.1;20C;unassigned;20C;1.719012;good;12;0;0;0;654;0;9;0;0;89661;0;29903;0.9781292846871552;false;C241T,C1059T,C3037T,C4551T,C6606T,C14408T,G15243T,A17078T,A23403G,G25563T,G27516T,C29870A;;;;ORF1a:T265I,ORF1a:T1429I,ORF1a:S2114F,ORF1b:P314L,ORF1b:M592I,ORF1b:Q1204L,ORF3a:Q57H,ORF7a:E41D,S:D614G;;;;;C4551T,C6606T,G15243T,A17078T,G27516T,C29870A;0;0;6;6;1-108,110-111,20461-20668,20675,20677-20678,20682,20684,20690,20695,20706,20710,20712-20713,20716,20719-20752,20755,20772-20773,20775-20874,20886,20891,20894,20983,20993,21039,21071,21073,21076-21077,21124,21196-21197,21254,21280,21450,21452-21453,21455-21457,21459-21522,21818,21847,22038,29770-29868;;3000;13.111111;good;654;10;0;good;0;24;-2;0;good;6;;0;good;0;;0;;0;0;good;;0;0;good;0;;;;
44;Haiti_49160067;20C;B.1;B.1;20C;unassigned;20C;0;good;7;0;0;0;196;0;4;0;0;89681;0;29903;0.9934454736982912;false;C241T,C1059T,C3037T,C6730T,C14408T,A23403G,G25563T;;;;ORF1a:T265I,ORF1b:P314L,ORF3a:Q57H,S:D614G;;;;;C6730T;0;0;1;1;1-6,76-99,6776,20462-20480,20486,20981,20992-20993,20995-21001,21003,29770-29903;;3000;0;good;196;10;0;good;0;24;-7;0;good;1;;0;good;0;;0;;0;0;good;;0;0;good;0;;;;
45;Haiti_49160069;20A;B.1;B.1;20A;unassigned;20A;918.090000;bad;8;0;0;0;8481;0;4;0;0;89677;0;29903;0.7163829716081999;false;C241T,C3037T,C14408T,C18877T,C22450T,A23403G,C25553T,G25563T;;;;ORF1b:P314L,ORF3a:A54V,ORF3a:Q57H,S:D614G;;;;;C22450T,C25553T;0;0;2;2;1-171,177,179,191,194,219-220,229,238,254,262,264,266,270,272,274-375,378,385-417,422,424,427,429-581,626,628-629,633-1283,6425,6429-6486,6488,6491,6494-6509,6511,6513,6534,6745,6752-6776,10431-11944,17126-18668,20461-22064,22067,23788-25307,27048-28005,28260,28438,29770-29870,29903;;3000;303;bad;8481;10;0;good;0;24;-6;0;good;2;;0;good;0;;0;;0;0;good;;0;0;good;0;;;;
46;Haiti_49160075;20A;B.1;B.1;20A;unassigned;20A;11.560000;good;12;0;0;0;1218;0;8;0;0;89661;0;29903;0.9592683008393806;false;C241T,C2416T,C3037T,C14408T,G17944T,A23403G,C25546T,G25563T,G25907A,A28305T,T29637C,C29870A;;;;N:N11I,ORF1b:P314L,ORF1b:V1493L,ORF3a:L52F,ORF3a:Q57H,ORF3a:G172D,ORF9b:M8L,S:D614G;;;;;G17944T,C25546T,G25907A,A28305T,T29637C,C29870A;0;0;6;6;1-4,78-99,20473,20853,20864,20866-20868,20872,20892,20898,20907,20925-21112,21114,21116,21136,21144-21895,21899,21901,21903-22038,22040,22048,29770-29868;;3000;34;mediocre;1218;10;0;good;0;24;-2;0;good;6;;0;good;0;;0;;0;0;good;;0;0;good;1;USCDC_N1_F:A28305T;;;
47;Haiti_49160078;20C;B.1;B.1;20C;unassigned;20C;84.654952;mediocre;7;19;0;1;1739;0;4;7;0;89617;0;29903;0.9418452998026954;false;C241T,C1059T,C3037T,C6730T,C14408T,A23403G,G25563T;5711-5729;;ORF1a:1823-4401;ORF1a:T265I,ORF1b:P314L,ORF3a:Q57H,S:D614G;ORF1a:L1816-,ORF1a:K1817-,ORF1a:H1818-,ORF1a:G1819-,ORF1a:T1820-,ORF1a:F1821-,ORF1a:T1822-;;;;C6730T;0;0;1;1;1-3,76-126,136,1260-1261,1267,1270,1274,20461-22038,22051,29770-29868,29870;;3000;53.296296;mediocre;1739;10;0;good;0;24;-6;0;good;2;;0;good;0;ORF1a:1823-4401;1;;0;75;mediocre;;0;0;good;0;;;;
48;Haiti_49200328;20A;B.1;B.1;20A;unassigned;20A;27.933182;good;11;0;0;0;1727;0;7;0;0;89665;0;29903;0.9422465973313714;false;C241T,C843T,C3037T,G6446T,C8299T,C14408T,G17590T,C18877T,A23403G,C25553T,G25563T;;;;ORF1a:P193L,ORF1a:V2061F,ORF1b:P314L,ORF1b:V1375L,ORF3a:A54V,ORF3a:Q57H,S:D614G;;;;;C843T,G6446T,C8299T,G17590T,C25553T;0;0;5;5;1-2,78-124,20461-20690,20692,20706,20713,20721,20726-20727,20731,20733-22038,22040,29770-29903;;3000;52.851852;mediocre;1727;10;0;good;0;24;-3;0;good;5;;0;good;0;;0;;0;0;good;;0;0;good;0;;;;
49;Haiti_49200331;20A;B.1;B.1;20A;unassigned;20A;25.334444;good;10;0;0;0;1659;0;7;0;0;89669;0;29903;0.9445206166605358;false;C241T,C843T,C3037T,C14408T,G17590T,C18877T,G23270T,A23403G,C25553T,G25563T;;;;ORF1a:P193L,ORF1b:P314L,ORF1b:V1375L,ORF3a:A54V,ORF3a:Q57H,S:A570S,S:D614G;;;;;C843T,G17590T,G23270T,C25553T;0;0;4;4;1-2,6,9,76-99,20461-21045,21048-21078,21080,21088,21092-21093,21095,21098,21102-21983,21988-21992,21995,21998,22003,22005-22006,22012,22023,22031,22036,29770-29873,29886,29888,29890,29893-29895,29901-29903;;3000;50.333333;mediocre;1659;10;0;good;0;24;-4;0;good;4;;0;good;0;;0;;0;0;good;;0;0;good;0;;;;
50;Haiti_49200334;20C;B.1;B.1;20C;unassigned;20C;101.239314;bad;11;0;1;1;2111;0;8;0;0;89658;0;29903;0.9294050764137376;false;C241T,C1059T,C1419T,C3037T,A4541G,G5532A,G11083T,C14408T,A23403G,G25563T,C28801T;;28798:T;N:176-420;ORF1a:T265I,ORF1a:A385V,ORF1a:T1426A,ORF1a:G1756E,ORF1a:L3606F,ORF1b:P314L,ORF3a:Q57H,S:D614G;;;;G11083T|21J&19A;C1419T,A4541G,G5532A,C28801T;0;1;4;5;1-107,5714,5760-5770,6004,6030,6041,6043-6045,6048,6051,6053,6065,6700,6702,6704,6707-6715,6719-6776,20461-22075,28600-28792,28794-28795,29770-29869,29902-29903;;3000;67.074074;mediocre;2111;10;0;good;0;24;0;0;good;8;;0;good;0;N:176-420;1;;0;75;mediocre;;0;0;good;0;;;;
51;Haiti_49210312;20A;B.1;B.1;20A;unassigned;20A;11.813224;good;8;0;0;0;1228;0;5;0;0;89677;0;29903;0.9589338862321506;false;C241T,C3037T,C14408T,G17590T,C18877T,A23403G,C25553T,G25563T;;;;ORF1b:P314L,ORF1b:V1375L,ORF3a:A54V,ORF3a:Q57H,S:D614G;;;;;G17590T,C25553T;0;0;2;2;1-7,9,76-207,211,220-221,224,226,231-233,235,253,261,270,282-331,333-353,358-370,374,387,394,397,466,480,519-589,609,621-622,628-754,756-757,760-761,843-845,853,861-934,938,941,946-1007,1009,1014,1017,1019,1047,1049-1192,1195,1197,1200,1293,1341,1368,1501-1515,1521-1844,20461-20497,20499,20535,22003,22012,22038,29770-29872;;3000;34.370370;mediocre;1228;10;0;good;0;24;-6;0;good;2;;0;good;0;;0;;0;0;good;;0;0;good;0;;;;
52;Haiti_49210329;20A;B.1;B.1;20A;unassigned;20A;1087.135610;bad;5;0;1;1;8969;0;2;0;0;89682;0;29903;0.7000635387753738;false;C241T,C3037T,C14408T,A23403G,C28801T;;28798:T;N:176-420;ORF1b:P314L,S:D614G;;;;;C28801T;0;0;1;1;1-148,314,316-317,320-321,562,817,824-825,830,832-833,835,857,863-1842,5339-5566,5572,5574-5588,5590,5595-5627,5630-5773,5776,5778-5823,5828-5829,5833,5836,5839,5844-5989,5993-5994,6001,6003-6045,6047-6048,6051-6170,6174-6175,6179,6184,6197,6219-6249,6256,6261-6269,6281,6283,6286,6288,6296,6301,6304,6315-6317,6320-6776,17502-18668,20361,20473,22303-22423,22438,22447-22448,22563,22583,22655-22705,22710,22712,22717,22729,22805,22895-22899,22904,22907,22912,22925,23722-23723,23726,23728,23734-28790,28792,29770-29870,29901-29903;;3000;321.074074;bad;8969;10;0;good;0;24;-7;0;good;1;;0;good;0;N:176-420;1;;0;75;mediocre;;0;0;good;0;;;;
53;Haiti_49210381;20C;B.1;B.1;20C;unassigned;20C;4.240549;good;11;0;0;0;856;0;7;0;0;89665;0;29903;0.9713741096211084;false;C241T,C1059T,C3037T,C6730T,C14408T,G19947T,A23403G,G25563T,G28237T,G28242T,T28244C;;;;ORF1a:T265I,ORF1b:P314L,ORF1b:K2160N,ORF3a:Q57H,ORF8:R115L,ORF8:V117F,S:D614G;;;;;C6730T,G19947T,G28237T,G28242T,T28244C;0;0;5;5;1-99,20461-20488,21058-21063,21065-21073,21392,21413,21450,21508,21526,21530,21532-21540,21544,21549,21552-21553,21555-21556,21558-21591,21596,21600-21616,21618-21629,22031,22039-22040,22045-22054,22061,22063-22064,22071,22074,22078,22082,22084,22087,22090-22093,22096-22099,22108,22112,22320,22323,22338-22364,22366-22367,22374,22376,22383-22428,22431,22433-22436,22440,22444,22447,22449,22461,22492,22563,22611,22645,22653,22671,22673-22744,22746-22747,22805,22827,22834,22948,27916-28233,29770-29868,29870,29898-29903;;3000;20.592593;good;856;10;0;good;0;24;-3;0;good;5;;0;good;0;;0;;0;0;good;;0;0;good;0;;;;
54;Haiti_49220000;20A;B.1;B.1;20A;unassigned;20A;0;good;12;0;0;0;125;0;8;0;0;89661;0;29903;0.9958198174096244;false;C241T,T1303C,C2416T,C3037T,C14408T,G17944T,A23403G,C25546T,G25563T,G25907A,A28305T,T29637C;;;;N:N11I,ORF1b:P314L,ORF1b:V1493L,ORF3a:L52F,ORF3a:Q57H,ORF3a:G172D,ORF9b:M8L,S:D614G;;;;;T1303C,G17944T,C25546T,G25907A,A28305T,T29637C;0;0;6;6;78-99,29770-29870,29901,29903;;3000;0;good;125;10;0;good;0;24;-2;0;good;6;;0;good;0;;0;;0;0;good;;0;0;good;1;USCDC_N1_F:A28305T;;;
55;Haiti_49220010;20A;B.1;B.1;20A;unassigned;20A;638.966049;bad;8;3;0;0;7125;0;6;1;0;89661;0;29903;0.7617295923485938;false;C3037T,C9207T,C14408T,G17590T,C18877T,G25563T,G25720T,G28703A;21992-21994;;;N:D144N,ORF1a:S2981F,ORF1b:P314L,ORF1b:V1375L,ORF3a:Q57H,ORF3a:A110S;S:Y144-;;;;C9207T,G17590T,G25720T,G28703A;0;0;4;4;1-40,42,65,75-1842,3602-5082,5086,6053,6671,6674,6682,6684-6731,6733-6777,6782,8769-8807,8812,8815-8824,8826-8828,8831,8833,8869,8887,8898,8928,8968,8987,9142-9147,9150,9154,9211,9215,9227,9229,9234,9238-9398,9401,9405,9481-9482,9493-9894,9896,20463,20473,22317-25307,29770-29868,29903;;3000;252.777778;bad;7125;10;0;good;0;24;-3;0;good;5;;0;good;0;;0;;0;0;good;;0;0;good;0;;;;
56;Haiti_49220016;20A;B.1;B.1;20A;unassigned;20A;379.124722;bad;10;0;0;0;5556;0;6;0;0;89669;0;29903;0.8141992442229876;false;C2416T,C3037T,G5075A,T8672A,C14408T,A23403G,A28305T,C29509T,T29637C,G29706T;;;;N:N11I,ORF1a:V1604I,ORF1a:S2803T,ORF1b:P314L,ORF9b:M8L,S:D614G;;;;C29509T|21J;G5075A,T8672A,A28305T,T29637C,G29706T;0;1;5;6;1-400,414-419,432,462-1842,5339-5344,5353,5370,5434,5453-5502,5505-5515,5550,5557,5571,5576-5580,5588,5590,5600,5653,5655,5664-6777,12908,12920,12927,12932-12942,12945,12948,12953-12961,12963-12971,12977-12978,13472,13527,17657-18668,20473,22407-22421,22423-22440,22449,22451,25459,25464-26815,29726,29728,29738,29740-29868;;3000;194.666667;bad;5556;10;0;good;0;24;1;4.166667;good;9;;0;good;0;;0;;0;0;good;;0;0;good;1;USCDC_N1_F:A28305T;;;
57;Haiti_49220018;20A;B.1;B.1;20A;unassigned;20A;0.173611;good;14;3;0;0;137;0;9;1;0;89636;0;29903;0.9954185198809484;false;C241T,C2416T,C3037T,G3955T,C14408T,G17944T,A23403G,C25546T,G25563T,G25907A,T26043C,A28305T,G29260T,T29637C;1605-1607;;;N:N11I,ORF1a:K1230N,ORF1b:P314L,ORF1b:V1493L,ORF3a:L52F,ORF3a:Q57H,ORF3a:G172D,ORF9b:M8L,S:D614G;ORF1a:D448-;;;;G3955T,G17944T,C25546T,G25907A,T26043C,A28305T,G29260T,T29637C;0;0;8;8;1-9,76-99,20473,29770-29868,29871,29900-29901,29903;;3000;0;good;137;10;0;good;0;24;1;4.166667;good;9;;0;good;0;;0;;0;0;good;;0;0;good;1;USCDC_N1_F:A28305T;;;
58;Haiti_49220022;20A;B.1.179;B.1.179;20A;unassigned;20A;0.173611;good;11;0;0;0;162;0;6;0;0;89665;0;29903;0.9945824833628732;false;C241T,C3037T,C3792T,C7834T,G11083T,C14408T,T21886C,A23403G,G26775T,C27493T,C29563T;;;;M:A85S,ORF1a:A1176V,ORF1a:L3606F,ORF1b:P314L,ORF7a:P34S,S:D614G;;;;G11083T|21J&19A;C3792T,T21886C,G26775T,C27493T,C29563T;0;1;5;6;1-17,55-99,29770-29868,29870;;3000;0;good;162;10;0;good;0;24;1;4.166667;good;9;;0;good;0;;0;;0;0;good;;0;0;good;0;;;;
59;Haiti_49220034;20A;B.1;B.1;20A;unassigned;20A;56.250000;mediocre;9;8;0;1;127;0;5;3;0;89642;0;29903;0.9957529344881784;false;C241T,C817T,G872T,C3037T,C14408T,C18252T,C18377T,A23403G,G28180T;25552-25559;;ORF3a:57-276;ORF1a:D203Y,ORF1b:P314L,ORF1b:T1637I,ORF8:G96V,S:D614G;ORF3a:A54-,ORF3a:V55-,ORF3a:F56-;;;;C817T,G872T,C18252T,C18377T,G28180T;0;0;5;5;1-4,76-99,29770-29868;;3000;0;good;127;10;0;good;0;24;-2;0;good;6;;0;good;0;ORF3a:57-276;1;;0;75;mediocre;;0;0;good;0;;;;
60;Haiti_49220035;20A;B.1;B.1;20A;unassigned;20A;0;good;10;0;0;0;140;0;7;0;0;89669;0;29903;0.9953181954987794;false;C241T,C843T,C3037T,G11417T,C14408T,G17590T,C18877T,A23403G,C25553T,G25563T;;;;ORF1a:P193L,ORF1a:V3718F,ORF1b:P314L,ORF1b:V1375L,ORF3a:A54V,ORF3a:Q57H,S:D614G;;;;;C843T,G11417T,G17590T,C25553T;0;0;4;4;1-12,76-99,29770-29870,29901-29903;;3000;0;good;140;10;0;good;0;24;-4;0;good;4;;0;good;0;;0;;0;0;good;;0;0;good;0;;;;
61;Haiti_49220123;20A;B.1;B.1;20A;unassigned;20A;198.496790;bad;10;0;0;0;4104;0;6;0;0;89669;0;29903;0.86275624519279;false;C241T,C843T,C3037T,C14408T,C18877T,G19771A,A23403G,C25553T,G25563T,G27806T;;;;ORF1a:P193L,ORF1b:P314L,ORF1b:V2102I,ORF3a:A54V,ORF3a:Q57H,S:D614G;;;;;C843T,G19771A,C25553T,G27806T;0;0;4;4;1-99,3602-3735,3741-3758,3760,3762,3767,3900,3922,3924-3928,3930-3972,4035,4041,4453,4456-4461,4480,4887-5074,5076-5080,6782,6787-6792,6815-6839,6849-7115,7117,7123,7125-7373,7378,7380,7383-7409,7411,8354,17385-17386,17391,17403-18668,20452-22061,22064,22071,25263,29770-29903;;3000;140.888889;bad;4104;10;0;good;0;24;-4;0;good;4;;0;good;0;;0;;0;0;good;;0;0;good;0;;;;
62;Haiti_49220162;20A;B.1;B.1;20A;unassigned;20A;0;good;11;0;0;0;128;0;8;0;0;89665;0;29903;0.9957194930274554;false;C241T,C843T,C900T,C3037T,C14408T,G17590T,C18877T,G21190T,A23403G,C25553T,G25563T;;;;ORF1a:P193L,ORF1a:S212L,ORF1b:P314L,ORF1b:V1375L,ORF1b:A2575S,ORF3a:A54V,ORF3a:Q57H,S:D614G;;;;;C843T,C900T,G17590T,G21190T,C25553T;0;0;5;5;1,76-98,20465,20473,29770-29870,29903;;3000;0;good;128;10;0;good;0;24;-3;0;good;5;;0;good;0;;0;;0;0;good;;0;0;good;0;;;;
63;Haiti_49220164;20A;B.1;B.1;20A;unassigned;20A;0.063429;good;11;0;0;0;368;0;8;0;0;89665;0;29903;0.9876935424539344;false;C241T,C843T,C900T,C3037T,C14408T,G17590T,C18877T,G21190T,A23403G,C25553T,G25563T;;;;ORF1a:P193L,ORF1a:S212L,ORF1b:P314L,ORF1b:V1375L,ORF1b:A2575S,ORF3a:A54V,ORF3a:Q57H,S:D614G;;;;;C843T,C900T,G17590T,G21190T,C25553T;0;0;5;5;1-99,5813,5839-5892,5898-5899,5901-5903,5914,5928,5969,6619,6623,6667-6765,6775,29770-29871,29902-29903;;3000;2.518519;good;368;10;0;good;0;24;-3;0;good;5;;0;good;0;;0;;0;0;good;;0;0;good;0;;;;
64;Haiti_49220181;20A;B.1;B.1;20A;unassigned;20A;0.001975;good;14;0;0;0;312;0;9;0;0;89653;0;29903;0.9895662642544226;false;C241T,C843T,C3037T,C3393T,C5493T,G11417T,C14408T,G17590T,C18877T,C22450T,A23403G,C25553T,G25563T,G28939T;;;;ORF1a:P193L,ORF1a:A1043V,ORF1a:S1743F,ORF1a:V3718F,ORF1b:P314L,ORF1b:V1375L,ORF3a:A54V,ORF3a:Q57H,S:D614G;;;;;C843T,C3393T,C5493T,G11417T,G17590T,C22450T,C25553T,G28939T;0;0;8;8;1-11,78-103,1656,1668-1669,1671-1843,29770-29868;;3000;0.444444;good;312;10;0;good;0;24;0;0;good;8;;0;good;0;;0;;0;0;good;;0;0;good;1;ChinaCDC_N_P:G28939T;;;
65;Haiti_49220182;20A;B.1;B.1;20A;unassigned;20A;179.758573;bad;7;0;0;0;3920;0;3;0;0;89681;0;29903;0.8689094739658229;false;C3037T,A6898G,C14408T,A18366G,C22350T,A23403G,C28789T;;;;ORF1b:P314L,S:A263V,S:D614G;;;;;A6898G,A18366G,C22350T,C28789T;0;0;4;4;1-45,69-70,76-468,490,506,508,512-571,591,622-1842,5786,5788,5797,5804,5823-6181,6514,6526,6528,6531,6533-6534,6540-6544,6549-6552,6554-6559,6579-6581,6592,6597-6598,6631,6776,20461-20467,20473,21104-21107,21116,21165,21300,21329-21480,21482,21484,21525,21545,21552,21556-21557,21563,21570,21582,21598,21603-21662,21666-21667,21703,21717,21772,21775,21778,21784-21785,21787,21793-21798,21803,21813-21819,21821,21826,21831,21836,21838,21841,21872,21876,21922,21926-21927,21935-21954,21957,21959-21960,21963,21966,22003,22005,22008,22011-22038,22044-22054,22060-22061,22063,25458-26815,29770-29870,29903;;3000;134.074074;bad;3920;10;0;good;0;24;-4;0;good;4;;0;good;0;;0;;0;0;good;;0;0;good;0;;;;
66;Haiti_49220184;20A;B.1;B.1;20A;unassigned;20A;6.914952;good;10;0;0;0;1010;0;4;0;0;89669;0;29903;0.9662241246697656;false;T2A,C241T,C2416T,C3037T,C4582T,T8176G,C14408T,A23403G,G25273T,G25563T;;;;ORF1b:P314L,ORF3a:Q57H,S:D614G,S:M1237I;;;;;T2A,C4582T,T8176G,G25273T;0;0;4;4;1,78-99,20465,20468-20480,20756-20782,20786,20790-20802,20807-20828,20965,20969,20973,20982-21077,21082,21085,21088,21091,21096,21116,21174,21177,21180,21183,21187-21287,21291,21293-21318,21439-21771,21774-21785,21788,21797,21803,21807,21813,21818-21860,21862-22038,29770-29870,29902-29903;;3000;26.296296;good;1010;10;0;good;0;24;-4;0;good;4;;0;good;0;;0;;0;0;good;;0;0;good;0;;;;
67;Haiti_49230009;20A;B.1;B.1;20A;unassigned;20A;4.758861;good;10;0;0;0;889;0;6;0;0;89669;0;29903;0.9702705414172492;false;C241T,C843T,C3037T,C10681T,C14408T,G17590T,C18877T,A23403G,C25553T,G25563T;;;;ORF1a:P193L,ORF1b:P314L,ORF1b:V1375L,ORF3a:A54V,ORF3a:Q57H,S:D614G;;;;;C843T,C10681T,G17590T,C25553T;0;0;4;4;1-118,120,885-892,894-949,956,966,1101,1114,1116,1119-1283,1286,1289-1290,1295,1309-1310,1405,1416-1842,29770-29868,29870,29902-29903;;3000;21.814815;good;889;10;0;good;0;24;-4;0;good;4;;0;good;0;;0;;0;0;good;;0;0;good;0;;;;
68;Haiti_49230042;20A;B.1;B.1;20A;unassigned;20A;0;good;12;0;0;0;130;0;9;0;0;89661;0;29903;0.9956526101060096;false;C241T,C2416T,C3037T,G3122T,C14408T,G17944T,A23403G,C25546T,G25563T,G25907A,A28305T,T29637C;;;;N:N11I,ORF1a:D953Y,ORF1b:P314L,ORF1b:V1493L,ORF3a:L52F,ORF3a:Q57H,ORF3a:G172D,ORF9b:M8L,S:D614G;;;;;G3122T,G17944T,C25546T,G25907A,A28305T,T29637C;0;0;6;6;1,76-101,29770-29870,29902-29903;;3000;0;good;130;10;0;good;0;24;-2;0;good;6;;0;good;0;;0;;0;0;good;;0;0;good;1;USCDC_N1_F:A28305T;;;
69;Haiti_49230049;20C;B.1;B.1;20C;unassigned;20C;891.097287;bad;12;2;0;1;8081;0;5;2;0;89647;0;29903;0.7297595558974016;false;T3A,C66A,C1059T,C3037T,A4353G,G4583A,C12525T,C14408T,G24848A,A25008G,C25037T,C28253T;21994-21995;;S:146-1274;ORF1a:T265I,ORF1a:E1363G,ORF1a:D1440N,ORF1a:T4087I,ORF1b:P314L;S:V143-,S:Y145-;;;C28253T|20H&21G;T3A,C66A,A4353G,G4583A,C12525T,G24848A,A25008G,C25037T;0;1;8;9;1-2,78-353,360-365,368,534,545,548,551-558,562-581,587,590,594,597-619,621,625-626,628,643,916,941,946,969,1007,1016-1022,1025,1028,1035,1040,1049,1122,1124,1129,1133,1136,1139,1151,1164,1171,1173,1175,1177,1180-1842,8753,8757-10026,10028,17126-18668,20461-20480,20486,21392,21439,21442,21447-21448,21450,21465-21564,21566,21568,21570-21571,21573-21574,21580,21604,21606,21613,21868,21876,21899,21902,21904-21943,21948-21949,21951-21972,21980,21990,22009,22012-22013,22018,22022,22031,22136,22142,22163,22182-23575,23577,25471-26815,28600-29868,29902-29903;;3000;288.185185;bad;8081;10;0;good;0;24;5;20.833333;good;13;;0;good;0;S:146-1274;1;;0;75;mediocre;;0;0;good;0;;;;
70;Haiti_49230050;20C;B.1;B.1;20C;unassigned;20C;0;good;10;0;0;0;139;0;8;0;0;89669;0;29903;0.9953516369595024;false;C241T,C1059T,C3037T,C3924T,A4353G,G4583A,C12525T,C14408T,A23403G,G25563T;;;;ORF1a:T265I,ORF1a:P1220L,ORF1a:E1363G,ORF1a:D1440N,ORF1a:T4087I,ORF1b:P314L,ORF3a:Q57H,S:D614G;;;;;C3924T,A4353G,G4583A,C12525T;0;0;4;4;1-4,76-99,20473,29770-29872,29874,29877,29879,29899,29901-29903;;3000;0;good;139;10;0;good;0;24;-4;0;good;4;;0;good;0;;0;;0;0;good;;0;0;good;0;;;;
71;Haiti_49230051;20A;B.1;B.1;20A;unassigned;20A;710.913594;bad;10;0;0;0;7499;0;8;0;0;89669;0;29903;0.7492224860381902;false;C2416T,C3037T,C5730T,C7086T,C14408T,G17944T,G18186T,A28305T,G29032T,T29637C;;;;N:N11I,N:E253D,ORF1a:T1822I,ORF1a:T2274I,ORF1b:P314L,ORF1b:V1493L,ORF1b:M1573I,ORF9b:M8L;;;;;C5730T,C7086T,G17944T,G18186T,A28305T,G29032T,T29637C;0;0;7;7;1-4,21,23,25,31,35,37,39-1842,1844,5339-5404,5406-5408,5524,6332,6338,6498-6499,6501-6527,6532,6579-6580,6583,6587,6591,6608,6611,6613-6646,6674,6684-6776,8767-10021,10028,12237-13605,20461-20465,20469-20470,20473,22267-23575,25434,25442-26815,28600-28630,29770-29868;;3000;266.629630;bad;7499;10;0;good;0;24;-1;0;good;7;;0;good;0;;0;;0;0;good;;0;0;good;1;USCDC_N1_F:A28305T;;;
72;Haiti_49230053;20A;B.1;B.1;20A;unassigned;20A;0;good;13;0;0;0;156;0;8;0;0;89657;0;29903;0.9947831321272114;false;C241T,C3037T,C4777T,C14293T,C14408T,G17590T,C18877T,A23403G,C24001T,G25523A,G25563T,C25672T,A26743G;;;;M:N74S,ORF1b:R276C,ORF1b:P314L,ORF1b:V1375L,ORF3a:G44E,ORF3a:Q57H,ORF3a:L94F,S:D614G;;;;;C4777T,C14293T,G17590T,C24001T,G25523A,C25672T,A26743G;0;0;7;7;78-99,29770-29903;;3000;0;good;156;10;0;good;0;24;-1;0;good;7;;0;good;0;;0;;0;0;good;;0;0;good;0;;;;
73;Haiti_49230055;20A;B.1;B.1;20A;unassigned;20A;0;good;12;0;0;0;133;0;9;0;0;89661;0;29903;0.9955522857238404;false;C241T,C2416T,C3037T,T6756C,C14408T,G17944T,A23403G,C25546T,G25563T,G25907A,A28305T,T29637C;;;;N:N11I,ORF1a:V2164A,ORF1b:P314L,ORF1b:V1493L,ORF3a:L52F,ORF3a:Q57H,ORF3a:G172D,ORF9b:M8L,S:D614G;;;;;T6756C,G17944T,C25546T,G25907A,A28305T,T29637C;0;0;6;6;1-3,6,78-100,29770-29872,29901-29903;;3000;0;good;133;10;0;good;0;24;-2;0;good;6;;0;good;0;;0;;0;0;good;;0;0;good;1;USCDC_N1_F:A28305T;;;
74;Haiti_49230056;20A;B.1;B.1;20A;unassigned;20A;16.387503;good;14;0;0;0;1393;0;9;0;0;89653;0;29903;0.953416045212855;false;C241T,T580C,C2416T,C3037T,G6362A,C14408T,G17944T,A23403G,A23911G,C25546T,G25563T,G25907A,A28305T,T29637C;;;;N:N11I,ORF1a:A2033T,ORF1b:P314L,ORF1b:V1493L,ORF3a:L52F,ORF3a:Q57H,ORF3a:G172D,ORF9b:M8L,S:D614G;;;;;T580C,G6362A,G17944T,A23911G,C25546T,G25907A,A28305T,T29637C;0;0;8;8;1-99,1790,15577-16769,29770-29868,29903;;3000;40.481481;mediocre;1393;10;0;good;0;24;0;0;good;8;;0;good;0;;0;;0;0;good;;0;0;good;1;USCDC_N1_F:A28305T;;;
75;Haiti_49230068;20A;B.1;B.1;20A;unassigned;20A;0;good;10;0;0;0;180;0;7;0;0;89669;0;29903;0.9939805370698592;false;C241T,C843T,C3037T,G11417T,C14408T,G17590T,C18877T,A23403G,C25553T,G25563T;;;;ORF1a:P193L,ORF1a:V3718F,ORF1b:P314L,ORF1b:V1375L,ORF3a:A54V,ORF3a:Q57H,S:D614G;;;;;C843T,G11417T,G17590T,C25553T;0;0;4;4;76-99,6777,20461-20480,20486,29770-29903;;3000;0;good;180;10;0;good;0;24;-4;0;good;4;;0;good;0;;0;;0;0;good;;0;0;good;0;;;;
76;Haiti_49230074;20C;B.1;B.1;20C;unassigned;20C;0.077160;good;10;0;0;0;375;0;7;0;0;89669;0;29903;0.9874594522288732;false;G8C,C241T,C1059T,C1931A,C3037T,C6026T,C14408T,A16567G,A23403G,G25563T;;;;ORF1a:T265I,ORF1a:Q556K,ORF1a:P1921S,ORF1b:P314L,ORF1b:T1034A,ORF3a:Q57H,S:D614G;;;;C1931A|22B&22E;G8C,C6026T,A16567G;0;1;3;4;1-6,76-120,1615,1623-1842,29770-29869,29901-29903;;3000;2.777778;good;375;10;0;good;0;24;-1;0;good;7;;0;good;0;;0;;0;0;good;;0;0;good;0;;;;
77;Haiti_49230075;20A;B.1;B.1;20A;unassigned;20A;1;good;10;0;0;0;125;1;6;0;0;89669;0;29903;0.9957863759489014;false;C241T,C2416T,C3037T,G6236C,G12191T,C14408T,A23403G,G25563T,G26951T,G28346T;;;;N:G25C,ORF1a:V1991L,ORF1a:V3976F,ORF1b:P314L,ORF3a:Q57H,S:D614G;;;;;G6236C,G12191T,G26951T,G28346T;0;0;4;4;1,78-99,29770-29870,29903;K:2;3000;0;good;125;10;10;good;1;24;-4;0;good;4;;0;good;0;;0;;0;0;good;;0;0;good;1;USCDC_N1_R:G28346T;;;
78;Haiti_49230076;20C;B.1;B.1;20C;unassigned;20C;0.173611;good;12;0;0;0;135;0;8;0;0;89661;0;29903;0.9954854028023944;false;C241T,C988T,C1059T,C1931A,C3037T,C6026T,C14408T,A16567G,C20307T,G21850T,A23403G,G25563T;;;;ORF1a:T265I,ORF1a:Q556K,ORF1a:P1921S,ORF1b:P314L,ORF1b:T1034A,ORF3a:Q57H,S:E96D,S:D614G;;;;C1931A|22B&22E;C988T,C6026T,A16567G,C20307T,G21850T;0;1;5;6;1-4,78-99,29770-29873,29878-29879,29881,29889-29890;;3000;0;good;135;10;0;good;0;24;1;4.166667;good;9;;0;good;0;;0;;0;0;good;;0;0;good;0;;;;
79;Haiti_49230079;20A;B.1;B.1;20A;unassigned;20A;0.000878;good;11;0;0;0;308;0;6;0;0;89665;0;29903;0.9897000300973148;false;C241T,G2036T,C3037T,C4777T,T11773C,C14408T,G17590T,C18877T,A23403G,G25563T,A26743G;;;;M:N74S,ORF1a:A591S,ORF1b:P314L,ORF1b:V1375L,ORF3a:Q57H,S:D614G;;;;;G2036T,C4777T,T11773C,G17590T,A26743G;0;0;5;5;1-8,76-124,1669,1680,1689,1700-1842,29770-29873,29903;;3000;0.296296;good;308;10;0;good;0;24;-3;0;good;5;;0;good;0;;0;;0;0;good;;0;0;good;0;;;;
80;Haiti_49230084;20C;B.1;B.1;20C;unassigned;20C;18.809890;good;8;0;0;0;1471;0;5;0;0;89677;0;29903;0.9508076112764604;false;C241T,C1059T,C3037T,G5532A,C14408T,C19983T,A23403G,G25563T;;;;ORF1a:T265I,ORF1a:G1756E,ORF1b:P314L,ORF3a:Q57H,S:D614G;;;;;G5532A,C19983T;0;0;2;2;1-172,175,178-179,181,183,187,198,203-204,207,291-405,407-409,411-414,421,426,445,465-466,488,544,687-704,723,726-755,757-773,777,797-798,873,876,880,883,890,892,901-902,904,907-1030,1033,1040,1042,1047,1049,1052-1053,1061,1065,1069,1076,1078-1842,1844,28600-28643,28761,28778,28787,29770-29903;;3000;43.370370;mediocre;1471;10;0;good;0;24;-6;0;good;2;;0;good;0;;0;;0;0;good;;0;0;good;0;;;;
81;Haiti_49230093;20A;B.1;B.1;20A;unassigned;20A;886.757010;bad;9;0;1;1;8081;0;4;0;0;89666;0;29903;0.7297595558974016;false;C3037T,G5425T,C11195T,C12400T,C14408T,A23403G,C28801T,G28817T,C29347T;;28798:T;N:176-420;ORF1a:K1720N,ORF1a:L3644F,ORF1b:P314L,S:D614G;;;;;G5425T,C11195T,C12400T,C28801T,G28817T,C29347T;0;0;6;6;1-605,607-748,750,752-796,798,802-1842,3602-5092,6763-6776,17126-18668,20445-22062,22065-22066,25534-26815,28600-28793,29770-29870,29903;;3000;288.185185;bad;8081;10;0;good;0;24;-2;0;good;6;;0;good;0;N:176-420;1;;0;75;mediocre;;0;0;good;1;Charité_N_R:G28817T;;;
82;Haiti_49230101;20C;B.1;B.1;20C;unassigned;20C;14.062500;good;14;0;0;0;145;0;9;0;0;89653;0;29903;0.9951509881951645;false;C241T,C1059T,C3037T,A3964G,A7130G,C9857T,G11083T,G13763T,C14408T,A23403G,G24620T,G25563T,C28854T,G29736T;;;;N:S194L,ORF1a:T265I,ORF1a:S2289G,ORF1a:L3606F,ORF1b:G99V,ORF1b:P314L,ORF3a:Q57H,S:D614G,S:A1020S;;;;C9857T|21G,G11083T|21J&19A,C28854T|20A;A3964G,A7130G,G13763T,G24620T,G29736T;0;3;5;8;1-3,51,60-99,29770-29870;;3000;0;good;145;10;0;good;0;24;9;37.500000;mediocre;17;;0;good;0;;0;;0;0;good;;0;0;good;0;;;;
83;Haiti_49230104;20A;B.1;B.1;20A;unassigned;20A;0.001111;good;14;0;0;0;309;0;11;0;0;89653;0;29903;0.9896665886365916;false;C241T,C2416T,C3037T,C6582T,C14408T,G17944T,G21604T,G22289T,A23403G,C25546T,G25563T,G25907A,A28305T,T29637C;;;;N:N11I,ORF1a:T2106I,ORF1b:P314L,ORF1b:V1493L,ORF3a:L52F,ORF3a:Q57H,ORF3a:G172D,ORF9b:M8L,S:Q14H,S:A243S,S:D614G;;;;;C6582T,G17944T,G21604T,G22289T,C25546T,G25907A,A28305T,T29637C;0;0;8;8;1-99,1727-1731,1735,1738-1842,29770-29868;;3000;0.333333;good;309;10;0;good;0;24;0;0;good;8;;0;good;0;;0;;0;0;good;;0;0;good;1;USCDC_N1_F:A28305T;;;
84;Haiti_49230106;20A;B.1;B.1;20A;unassigned;20A;540.648615;bad;7;0;0;0;6578;0;3;0;0;89681;0;29903;0.7800220713640772;false;C241T,C3037T,C8320T,C12676T,C14408T,A23403G,G25563T;;;;ORF1b:P314L,ORF3a:Q57H,S:D614G;;;;;C8320T,C12676T;0;0;2;2;1-163,166-167,169,173,222,291,296,299-322,325,328-348,354,356,358,362-363,378-463,468,471-574,580,584-606,614-631,638,653,657,687,693,696-700,702,704,721-731,734-735,863,873,877,889,895-1029,1031,1033,1038,1040,1047,1049,1051-1054,1059,1065,1071,1073,1079-1080,1085-1089,1091-1337,1339-1386,1388-1842,3602-5161,17126-18668,20442-22198,22635-22738,22743,22746-22859,22867,22896,28600-28604,29770-29870,29876,29896;;3000;232.518519;bad;6578;10;0;good;0;24;-6;0;good;2;;0;good;0;;0;;0;0;good;;0;0;good;0;;;;
85;Haiti_49230107;20A;B.1;B.1;20A;unassigned;20A;714.671111;bad;7;0;0;0;7518;0;5;0;0;89681;0;29903;0.748587098284453;false;C3037T,G11417T,C14408T,C18877T,A23403G,C25553T,G25563T;;;;ORF1a:V3718F,ORF1b:P314L,ORF3a:A54V,ORF3a:Q57H,S:D614G;;;;;G11417T,C25553T;0;0;2;2;1-11,13-14,18,22,26,31,35,38,43,48,57,59-1328,3602-5074,5076,17124,17126-18668,20449-20450,20452-22037,23788-25307,29770-29868,29870;;3000;267.333333;bad;7518;10;0;good;0;24;-6;0;good;2;;0;good;0;;0;;0;0;good;;0;0;good;0;;;;
86;Haiti_49230110;20A;B.1;B.1;20A;unassigned;20A;0;good;11;0;0;0;236;0;8;0;0;89665;0;29903;0.992107815269371;false;C241T,C2416T,C3037T,C14408T,G17944T,A23403G,C25546T,G25563T,G25907A,A28305T,T29637C;;;;N:N11I,ORF1b:P314L,ORF1b:V1493L,ORF3a:L52F,ORF3a:Q57H,ORF3a:G172D,ORF9b:M8L,S:D614G;;;;;G17944T,C25546T,G25907A,A28305T,T29637C;0;0;5;5;1-108,110,6744-6745,6754,6756,6763-6776,29765,29768-29870,29899-29903;;3000;0;good;236;10;0;good;0;24;-3;0;good;5;;0;good;0;;0;;0;0;good;;0;0;good;1;USCDC_N1_F:A28305T;;;
87;Haiti_49230112;20A;B.1;B.1;20A;unassigned;20A;0;good;12;0;0;0;128;0;8;0;0;89661;0;29903;0.9957194930274554;false;C241T,C2416T,C3037T,C13506T,C14408T,G17944T,A23403G,C25546T,G25563T,G25907A,A28305T,T29637C;;;;N:N11I,ORF1b:P314L,ORF1b:V1493L,ORF3a:L52F,ORF3a:Q57H,ORF3a:G172D,ORF9b:M8L,S:D614G;;;;;C13506T,G17944T,C25546T,G25907A,A28305T,T29637C;0;0;6;6;1-4,9,78-99,29770-29869,29871;;3000;0;good;128;10;0;good;0;24;-2;0;good;6;;0;good;0;;0;;0;0;good;;0;0;good;1;USCDC_N1_F:A28305T;;;
88;Haiti_49230126;20A;B.1;B.1;20A;unassigned;20A;59.817901;mediocre;9;5;0;1;810;0;5;2;0;89651;0;29903;0.9729124168143664;false;C241T,C1931A,C3037T,C6026T,C14408T,C15048T,A16567G,A23403G,G25563T;5819-5823;;ORF1a:1854-4401;ORF1a:Q556K,ORF1b:P314L,ORF1b:T1034A,ORF3a:Q57H,S:D614G;ORF1a:L1852-,ORF1a:L1853-;;;C1931A|22B&22E;C6026T,C15048T,A16567G;0;1;3;4;1-31,35,38,67,76-191,197,363,833,835,844-854,856-867,869-871,880,889-890,903-1007,1011,1015,1017-1175,1193,1220,1325,1579,1581,1587,1589-1842,29770-29870;;3000;18.888889;good;810;10;0;good;0;24;0;0;good;8;;0;good;0;ORF1a:1854-4401;1;;0;75;mediocre;;0;0;good;0;;;;
89;Haiti_49230140;20A;B.1;B.1;20A;unassigned;20A;0.065309;good;13;0;0;0;369;0;7;0;0;89657;0;29903;0.9876601009932112;false;C241T,C3037T,C6449T,C6541T,T11629C,C14408T,G17590T,C18877T,G22225A,A23403G,G25563T,T27242C,C27263T;;;;ORF1a:L2062F,ORF1b:P314L,ORF1b:V1375L,ORF3a:Q57H,ORF6:I14T,ORF6:T21I,S:D614G;;;;;C6449T,C6541T,T11629C,G17590T,G22225A,T27242C,C27263T;0;0;7;7;1-100,1672-1688,1693-1842,29770-29869,29873,29903;;3000;2.555556;good;369;10;0;good;0;24;-1;0;good;7;;0;good;0;;0;;0;0;good;;0;0;good;0;;;;
90;Haiti_49240102;20A;B.1;B.1;20A;unassigned;20A;1.013182;good;12;0;0;0;331;1;8;0;0;89661;0;29903;0.9888974350399624;false;C241T,G613T,C2416T,C3037T,C14408T,G17944T,A23403G,C25546T,G25563T,G25907A,A28305T,T29637C;;;;N:N11I,ORF1b:P314L,ORF1b:V1493L,ORF3a:L52F,ORF3a:Q57H,ORF3a:G172D,ORF9b:M8L,S:D614G;;;;;G613T,G17944T,C25546T,G25907A,A28305T,T29637C;0;0;6;6;1-99,1702,1714,1716,1718-1843,29770-29871,29874;R:1717;3000;1.148148;good;331;10;10;good;1;24;-2;0;good;6;;0;good;0;;0;;0;0;good;;0;0;good;1;USCDC_N1_F:A28305T;;;
91;Haiti_49240104;20A;B.1;B.1;20A;unassigned;20A;0;good;10;0;0;0;133;0;7;0;0;89669;0;29903;0.9955522857238404;false;C241T,C843T,C3037T,C14408T,G17590T,C18877T,C22664A,A23403G,C25553T,G25563T;;;;ORF1a:P193L,ORF1b:P314L,ORF1b:V1375L,ORF3a:A54V,ORF3a:Q57H,S:L368I,S:D614G;;;;C22664A|22F;C843T,G17590T,C25553T;0;1;3;4;1-2,78-99,29770-29871,29873,29898-29903;;3000;0;good;133;10;0;good;0;24;-1;0;good;7;;0;good;0;;0;;0;0;good;;0;0;good;0;;;;
92;Haiti_49240111;20A;B.1;B.1;20A;unassigned;20A;0.474568;good;13;0;0;0;486;0;9;0;0;89657;0;29903;0.98374745008862;false;C241T,C829T,C2416T,C3037T,C9996T,C14408T,G17944T,A23403G,C25546T,G25563T,G25907A,A28305T,T29637C;;;;N:N11I,ORF1a:S3244L,ORF1b:P314L,ORF1b:V1493L,ORF3a:L52F,ORF3a:Q57H,ORF3a:G172D,ORF9b:M8L,S:D614G;;;;;C829T,C9996T,G17944T,C25546T,G25907A,A28305T,T29637C;0;0;7;7;1-7,9,76-99,20461-20535,20537,20540,20542-20543,20733-20755,20765-20824,20830,20856,21366-21500,21509,21526,21541,21544,21549,21552-21553,21555-21563,21566,21569,21579,21583,21586,21588,21591,21603-21619,22003,22025,22027,29770-29874,29877,29884,29888,29890,29901-29903;;3000;6.888889;good;486;10;0;good;0;24;-1;0;good;7;;0;good;0;;0;;0;0;good;;0;0;good;1;USCDC_N1_F:A28305T;;;
93;Haiti_49240118;20A;B.1;B.1;20A;unassigned;20A;0.116104;good;13;11;0;1;392;0;9;5;0;89617;0;29903;0.9868909473965822;false;C241T,C2416T,C3037T,C3156T,C14408T,G17944T,A23403G,C25207T,C25546T,G25563T,G25907A,A28305T,T29637C;27571-27581;;ORF7a:64-122;N:N11I,ORF1a:A964V,ORF1b:P314L,ORF1b:V1493L,ORF3a:L52F,ORF3a:Q57H,ORF3a:G172D,ORF9b:M8L,S:D614G;ORF7a:F59-,ORF7a:S60-,ORF7a:T61-,ORF7a:Q62-,ORF7a:F63-;;;;C3156T,G17944T,C25207T,C25546T,G25907A,A28305T,T29637C;0;0;7;7;1-11,67-173,179,217,314,333,562,586,590,597-602,612-613,655-656,692,907,912,916,919,926,929-937,941,1499-1500,1506-1558,1565,1569,1571,1573,1576-1646,1650,1663-1664,1669,1707,1720-1721,1724,1729,6773,29770-29870;;3000;3.407407;good;392;10;0;good;0;24;0;0;good;8;;0;good;0;;0;ORF7a:64-122;1;0;good;;0;0;good;1;USCDC_N1_F:A28305T;;;
94;Haiti_49240136;20A;B.1;B.1;20A;unassigned;20A;6.934444;good;10;0;0;0;1011;0;7;0;0;89669;0;29903;0.9661906832090426;false;C241T,C723T,C3037T,C14408T,G17590T,C18877T,A23403G,G25563T,G25855T,C29025T;;;;N:A251V,ORF1a:P153L,ORF1b:P314L,ORF1b:V1375L,ORF3a:Q57H,ORF3a:D155Y,S:D614G;;;;;C723T,G17590T,G25855T,C29025T;0;0;4;4;1-131,136,907,916,919-920,923-930,932-961,964,967,970-971,973,976,980,982,1008,1047,1053,1076,1079,1082-1087,1090,1092-1093,1096-1141,1143-1149,1154-1155,1157-1159,1161,1164-1438,1442,1445,1465-1843,29770-29868,29870;;3000;26.333333;good;1011;10;0;good;0;24;-4;0;good;4;;0;good;0;;0;;0;0;good;;0;0;good;0;;;;
95;Haiti_49250213;20A;B.1;B.1;20A;unassigned;20A;0;good;13;0;0;0;127;0;9;0;0;89657;0;29903;0.9957529344881784;false;T3A,C241T,C1213T,C2416T,C2574T,C3037T,C14408T,A23403G,C24138T,G25563T,G25907A,G28223T,A28305T;;;;N:N11I,ORF1a:T770I,ORF1b:P314L,ORF3a:Q57H,ORF3a:G172D,ORF8:E110D,ORF9b:M8L,S:D614G,S:T859I;;;;;T3A,C1213T,C2574T,C24138T,G25907A,G28223T,A28305T;0;0;7;7;1,78-99,29770-29873;;3000;0;good;127;10;0;good;0;24;-1;0;good;7;;0;good;0;;0;;0;0;good;;0;0;good;1;USCDC_N1_F:A28305T;;;
